Date/Hour	flow (L/s)	Raw water (NTU)	Settled water (NTU)	Filter 1 (NTU)	Filter 2 (NTU)	PACl dose (mg/L)	Chlorine dose (mg/L)	Temperature
12/1/2015 13:39	17	3.12	0.19	0	0	9.54	0.99	17
12/2/2015 6:36	16	3.8	0.39	0	0	11.75		18
12/2/2015 13:30	18	3.2	0.38	0	0	10.86	0.9	18
12/3/2015 5:00	17	3.11	1.33	0.18	0.13	9.03	0.81	
12/3/2015 13:10	16	3.01	0.29	0	0	6.47	0.76	18
12/4/2015 12:40	15	2.74	0.42	0	0	7.89	0.88	18
12/5/2015 13:05	15	14	2.88	0.81	0.93	13.56	0.9	18
12/5/2015 18:00	14	6.09	0.82	0.18	0.25	11.84	0.9	18
12/6/2015 13:20	15	5.9	0.62	0.1	0.19	11.01	0.36	18
12/7/2015 13:30	13	4.44	1.32	0.6	0.55	9.18	1.1	18
12/8/2015 5:30	15	5.89	3.78	0.35	0.27	10.78	1.1	18
12/8/2015 12:00	16	5.76	0.9	0.04	0	11.77	1.08	18
12/8/2015 18:21	15	4.96	2.18	0.91	0.36	12.11	0.9	18
12/9/2015 5:00	14	5.96	0.8	0.23	0	10.38	0.96	18
12/9/2015 12:00	15	4.06	0.55	0	0	10.74	0.99	18
12/9/2015 18:10	15	3.41	1.15	0.14	0.18	10.03	0.9	18
12/10/2015 5:18	15	3.39	0.51	0	0	11.26	0.7	18
12/10/2015 13:00	15	3.22	0.99	0.28	0.32	8.92	1.1	18
12/11/2015 13:30	17	3.44	0.45	0	0	6.93	1.07	18
12/11/2015 18:00	16	2.86	1.16	0.29	0.36	6.27	0.99	18
12/12/2015 5:15	19	3.36	0.6	0	0	7.18	0.9	18
12/12/2015 13:00	18	3.44	0.77	0.1	0.09	8.38	0.99	18
12/12/2015 23:20	18	3.12	0.46	0	0	8.46	0.81	18
12/13/2015 11:30	18	2.59	0.56	0	0	7.94	1.1	18
12/14/2015 23:00	18	3.01	0.73	0.1	0.26	11.06	0.89	20
12/15/2015 13:00	18	2.89	0.69	0	0	7.14	1	20
12/15/2015 18:20	18	3.14	0.59	0.07	0.05	6.37	0.88	19
12/16/2015 11:00	18	2.9	0.72	0.18	0.15	6.92	1	19
12/16/2015 18:10	18	3.31	1.03	0.37	0.41	1.19	0.95	19
12/17/2015 5:50	18	2.77	0.25	0	0	0.22	0.89	18
12/17/2015 13:00	18	2.9	0.71	0	0	9	1.05	19
12/17/2015 18:40	18	3.13	0.66	0.2	0.15	10.27	0.82	19
12/18/2015 0:30	18	3.01	0.81	0.12	0.09	9.18	0.9	19
12/18/2015 13:00	18	2.62	0.82	0.11	0.15	11.16	0.9	19
12/18/2015 17:45	18	2.5	0.44	0	0.09	11.24	0.82	19
12/19/2015 12:40	18	3.1	0.4	0	0	7.01	0.9	18
12/19/2015 18:45	18	4.54	1.76	0.75	0.8		1.02	18
12/20/2015 5:00	18	5.94	1	0.24	0.32	12.33	0.99	18
12/20/2015 13:20	18	3.9	0.91	0.71	0.7	12.1	0.81	18
12/20/2015 18:00	18	2.77	0.1	0	0	13.24	0.79	18
12/21/2015 5:00	18	2.72	0.75	0	0	10.72	0.92	18
12/21/2015 18:50	19	3.91	0.39	0.13	0.05	11.36	0.9	18
12/21/2015 23:25	19	3.18	0.36	0	0	11.93	0.81	18
12/22/2015 11:40	18	2.44	0.94	0.31	0.1	10.84	1	18
12/23/2015 5:30	18	1.96	0.06	0	0	12.01		
12/23/2015 13:10	18	2.2	0.33	0	0	7.87	1	18
12/23/2015 17:40	18	2.03	0.96	0.31	0.27	6.01		18
12/24/2015 5:40	18	1.82	0.26	0	0	7.59	0.98	18
12/24/2015 13:30	18	2.11	0.62	0	0	7.54	1	18
12/25/2015 5:50	14	3.36	0.29	0	0	7.18	0.8	18
12/25/2015 11:30	18	2.32	0.66	0	0	7.87	0.99	18
12/26/2015 5:50	17	3.02	0.68	0	0	7.8	0.16	18
12/26/2015 11:45	18	2.72	0.5	0	0	7.88	1.08	18
12/26/2015 13:00	17	2.62	0.44	0	0	7.87	1.05	18
12/27/2015 5:50	18	1.77	0.02	0	0	8.1	0.81	17
12/27/2015 12:30	17	1.79	0.77	0	0	6.3	1.05	18
12/28/2015 0:50	17	2.01	0.27	0	0	6.96	0.98	17
12/28/2015 18:30	17	2.33	0.5	0	0	6.89		18
12/29/2015 11:10	17	2.3	0.28	0.01	0.02	8.22	0.9	18
12/29/2015 13:00	17	2.33	0.45	0	0	7.61	0.5	18
12/29/2015 18:00	17	2.12	0.9	0.31	0.88	7.94	0	18
12/30/2015 13:00	17	2.23	0.76	0.01	0	9.79	0.62	17
12/30/2015 18:00	17	2.12	0.32	0	0	9.72	1	
12/31/2015 17:30	17	2.67	0.77	0	0	10.87	0.39	18
1/1/2016 13:00	17	2.1	0.56	0	0	9.16	0.78	18
1/2/2016 6:20	16	2.15	0.9	0	0	11.89	0.9	18
1/2/2016 13:10	18	2.39	0.32	0	0	7.78	0.89	19
1/2/2016 18:30	18	2.55	1.26	0.77	0.84	6.84		19
1/3/2016 13:10	17	2.56	0.63	0.01	0	7.83	0.85	18
1/3/2016 18:00	17	2.28	0.63	0	0	7.94	0.72	18
1/3/2016 18:00	18	2.18	1	0.32	0.22	7.84	0.9	19
1/4/2016 6:00	17	2.33	0.9	0	0	7.94	0.9	18
1/4/2016 11:22	15	2.32	0.77	0.32	0.41	0.78	0.8	18
1/4/2016 18:25	16	4.41	0.54	0.1	0.09	9.25	0.41	18
1/5/2016 5:50	16	3.01	0.9	0.2	0.16	9.25	1.1	17
1/5/2016 11:36	15	2.74	0.3	0	0	8.24	0.9	18
1/5/2016 18:00	18	5.19	0.18	0	0	9.1	0.98	18
1/6/2016 13:30	18	2.2	0.4	0	0	8.78	1.1	18
1/6/2016 18:10	20	2.96	0.36	0	0.03	9.86	0.98	18
1/7/2016 13:10	18	2.24	0.66	0	0	9.24	1.1	18
1/8/2016 18:00	14	2.24	0	0	0	5	1.2	18
1/9/2016 13:26	14	2.27	0.8	0.17	0.31	5.4	0.54	19
1/9/2016 18:00	13	2.22	0	0	0	5.22	0.89	19
1/10/2016 18:30	18	2.12	0.44	0	0	8.22	1	18
1/11/2016 13:15	15	1.85	0.26	0	0	9.79	0.61	17
1/11/2016 18:00	15	1.71	1.18	0.45	0.72	10.24	0.84	17
1/12/2016 6:00	17	2.14	1.72	0.74	0.87	12.4		17
1/12/2016 13:13	16	1.93	0.5	0	0	7.61		17
1/12/2016 18:00	15	2.12	0.4	0	0	5.12	0.9	17
1/13/2016 23:00	16	2.09	0.66	0	0	6.84	1.1	18
1/14/2016 6:00	17	2.12	0.4	0	0	7.16		18
1/14/2016 12:30	17	2.46	0.52	0	0	7.18	0.9	19
1/14/2016 18:00	18	2.1	0.53	0	0	8.22		19
1/15/2016 6:00	18	2.11	1.2	0.32	0.4	8.78	1	18
1/15/2016 12:10	18	2.24	0.52	0	0	9.44	1.1	18
1/15/2016 13:20	18	2.24	0.57	0	0	9.12	1.2	19
1/15/2016 23:23	16	2.33	0.31	0	0	7.01	0.9	19
1/16/2016 5:35	16	2.21	0.32	0	0	6.96	0.87	18
1/16/2016 12:20	17	2.13	0.61	0.1	0.09	7.87	1.1	18
1/16/2016 18:00	17	2.36	0.87	0	0	10.01	1	19
1/16/2016 23:00	9	2.16	0.21	0	0	8.03	0.99	19
1/17/2016 15:30	17	2.08	0.3	0	0	8.78	1	18
1/18/2016 5:39	1	2.16	0.51	0.1	0.05	9.16	0.98	18
1/18/2016 13:20	16	2.12	0.39	0	0	10.24	1.2	18
1/18/2016 17:40	16	2.16	0.63	0	0	9.83	0.89	18
1/19/2016 12:00	17	2.09	0.68	0.18	0.11	10.89	1.1	18
1/19/2016 18:50	16	2.08	0.58	0	0	11.56	0.82	17
1/19/2016 23:30	16	1.57	0.52	0	0	11.01	0.86	17
1/20/2016 12:30	17	2.32	0.9	0.17	0.24	8.34	1.2	17
1/20/2016 17:00	18	2.36	0.9	0.21	0.18	8.16	1.05	17
1/21/2016 0:20	18	3.1	0.51	0	0	6.91	1.06	17
1/21/2016 5:50	18	2.09	0.36	0	0	5.13	0.74	17
1/21/2016 13:00	18	2.12	1.1	0.32	0.45	5.89	1.08	17
1/21/2016 17:00	18	1.14	0.9	0.51	0.26	8.1	0.91	17
1/22/2016 0:15	17	2.01	0.51	0	0	7.09	0.9	17
1/22/2016 6:45	18	2.1	0.57	0	0	8.1	0.84	17
1/22/2016 12:30	18	2.7	0.89	0.1	0.16	8.22	1.1	17
1/22/2016 17:00	16	2.15	0.55	0	0	6.08	0.82	17
1/22/2016 23:40	18	2.09	0.62	0	0.6	6.1	0.9	17
1/23/2016 6:00	16	3.1	0.54	0	0	7.94	1	17
1/23/2016 13:10	14	2.7	0.31	0	0	8.14	1.01	16
1/23/2016 17:30	14	2.08	0.93	0	0.1	6.19	0.8	16
1/23/2016 23:00	14	2.1	0.84	0.16	0.11	6.74	1.08	16
1/24/2016 6:00	15	2.03	0.86	0.17	0.1	6.82	1	15
1/24/2016 13:24	15	2.02	0.2	0	0	7.64	0.79	15
1/24/2016 17:40	15	2.06	0.3	0	0	7.88	0.72	15
1/24/2016 23:00	14	2.05	0.28	0	0	7.24	1.1	15
1/25/2016 6:00	18	1.8	0.1	0	0	7.17	1.05	15
1/25/2016 13:10	15	1.86	0.62	0	0	6.01	0.91	15
1/25/2016 17:30	15	1.82	0.55	0	0	6.82	0.84	16
1/25/2016 23:30	16	1.82	0.3	0	0	6.34	1.18	16
1/26/2016 13:20	18	2.38	0.75	0.31	0.25	6.37	1	16
1/26/2016 17:45	16	2.08	0.35	0	0	6	0.86	17
1/26/2016 23:40	16	2.05	0.3	0	0	7.1	1.1	17
1/27/2016 12:00	18	1.97	0.68	0		7.18	0.85	17
1/27/2016 17:45	15	2	0.53	0.06	0	7.83	0.72	18
1/28/2016 5:00	14	2.11	0.6	0	0	7.51	1.08	18
1/28/2016 13:00	16	1.62	0.37	0.06	0.05	8.83	1.05	18
1/28/2016 23:50	14	2.1	0.72	0	0	8.82	1.1	18
1/29/2016 13:20	16.5	2.3	1.6	0.8	0.72	10.84	1.18	17
1/29/2016 18:25	17	1.96	0.73	0.14	0.21	13.05	0.93	16
1/29/2016 23:30	18	2.09	0.39	0	0	12.16	0.9	16
1/30/2016 13:40	17	2	0.53	0	0	11.34	1	17
1/31/2016 6:20	17	1.9	0.16	0	0	9.06	0.99	16
1/31/2016 11:30	16	2.1	0.35	0	0	7.84	1.1	18
1/31/2016 18:35	16	1.65	0.11	0	0	6.47	0.99	18
2/1/2016 6:00	16	1.75	0.05	0	0	6.01	0.9	17
2/1/2016 11:30	16	1.94	0.2	0	0	6.34	0.9	18
2/1/2016 12:00	9	2.1	0.21	0	0	7.03	0.9	18
2/2/2016 12:30	16	2.12	0.52	0	0	7.82	1.1	17
2/2/2016 18:20	15	1.94	0.81	0.1	0.12	7.04	0.96	18
2/3/2016 5:00	15	1.63	0.15	0	0	7.04	1	17
2/3/2016 12:00	14	2.01	0.25	0	0	6.86	0.9	17
2/3/2016 13:20	15	1.84	0.22	0	0	6.24	1	18
2/3/2016 18:00	15	2.14	0.26	0	0	6.9	1	18
2/4/2016 13:00	14	1.9	0.34	0	0	6.84	1.15	18
2/4/2016 18:25	13	1.96	0.18	0	0	7.96	1.01	18
2/5/2016 12:45	12	1.79	0.3	0	0	60.1	1.01	17
2/5/2016 12:50	17	3.2	0.26	0	0	10.53	1.04	17
2/5/2016 18:00	15	3	0.52	0	0	8.72	0.74	17
2/5/2016 23:00	15	2.89	0.41	0	0	8.78	1.09	17
2/6/2016 13:15	15	3.6	0.47	0	0	8.63	0.88	16
2/6/2016 23:30	15	3.84	0.3	0	0	8.94	1.1	16
2/7/2016 13:09	15	5.15	1.49	0.52	0.36	12.33	0.7	16
2/7/2016 18:35	15	4.54	1.41	0.33	0.66	12.84	1	16
2/8/2016 6:00	15	3.09	0.55	0	0	12.41	0.9	15
2/8/2016 13:05	17	2.29	0.25	0	0	8.63	0.9	15
2/8/2016 18:00	15	2.12	0.26	0	0	9.78		15
2/8/2016 23:00	15	1.9	0.2	0	0	9	1	15
2/9/2016 13:15	19	2	0.85	0.09	0.04	10.57	0.89	14
2/9/2016 18:00	16	2.12	0.56	0	0	8.96	1	14
2/10/2016 6:00	15	2	0.32	0	0	7.17	0.82	14
2/10/2016 13:25	20	2.23	0.59	0.13	0.1	7.03	0.9	14
2/10/2016 18:30	15	3.17	0.72	0.09	0.11	11.24	0.84	20
2/10/2016 18:30	15	2.09	0.91	0.32	0.44	6.89		14
2/10/2016 23:00	16	2	0.5	0	0	7.57	1	14
2/11/2016 13:15	18	1.79	0.53	0	0	8.01	1.1	14
2/11/2016 18:35	19	2.11	0.91	0.1	0.21	8.19	0.9	14
2/12/2016 5:20	20	2.1	0.29	0	0	8.16	0.98	14
2/12/2016 5:50	16	2.04	0.41	0	0	9.12	0.91	14
2/12/2016 12:00	20	2.24	0.45	0	0	7.87		14
2/12/2016 18:10	16	2.25	0.27	0	0	9.98	0.21	14
2/13/2016 11:00	19	2.04	0.4	0	0	8.32	1.18	15
2/13/2016 18:20	19	2.19	0.78	0.01	0.02	8.96	1.1	15
2/14/2016 11:00	16	4	0.68	0	0	9.71	1.1	15
2/14/2016 18:40	18	3.96	1	0.9	0.56	11.13	0.9	15
2/15/2016 6:50	17	3.01	0.5	0	0	9.1	0.91	15
2/15/2016 13:00	17	2.56	0.84	0	0	8.38	1.15	16
2/16/2016 11:00	16	2.77	0.6	0	0	1.17	1.2	17
2/16/2016 18:25	17	2.41	0.6	0	0	8.78	1.05	18
2/16/2016 23:00	18	2.36	0.41	0	0	8.01	0.9	18
2/17/2016 6:00	15	2.54	0.32	0	0	8.72		18
2/17/2016 12:00	18	2.12	0.33	0	0	8.78	1.1	18
2/17/2016 18:00	17	2.4	0.57	0.01	0.03	7.18	1.05	18
2/18/2016 5:10	18	2.36	0.36	0	0	9.1	1	18
2/18/2016 13:00	18	2.49	0.3	0	0	7.12	1.15	18
2/18/2016 18:05	16	3.37	0.36	0	0	7.63	0.64	18
2/19/2016 12:10	17	1.9	0.5	0.03	0	6.52	0.77	18
2/19/2016 18:00	17	2.09	0.32	0	0	7.04		18
2/20/2016 0:45	17	2.22	0.4	0	0	7.54	1.15	17
2/20/2016 11:35	18	2.08	0.56	0	0	6.97	1.01	18
2/21/2016 5:00	16	1.97	0.6	0	0	7.1	1	17
2/22/2016 11:50	18	1.87	0.83	0.25	0.31	9.25	1	17
2/22/2016 18:30	15	1.92	0.5	0	0	9.32	0.32	18
2/23/2016 5:00	16	2	0.4	0	0	9	1	18
2/23/2016 13:19	16	1.9	0.45	0.13	0.1	8.1	0.71	18
2/23/2016 18:22	14	1.92	0.33	0	0	8.78		18
2/23/2016 23:45	13	2.02	0.31	0	0	6.24	1.08	18
2/24/2016 6:00	13	1.9	0.31	0	0	6	0.82	18
2/24/2016 13:05	22	4.01	0.73	0.29	0.16	6.23	0.8	18
2/24/2016 18:00	16	2.12	0.54	0.1	0.04	6.72		19
2/25/2016 0:00	16	10.14	1.5	0.67	0.51	13.87	1.32	17
2/25/2016 6:00	15	6.13	0.92	0.33	0.3	13.22	1.05	18
2/25/2016 18:00	15	4	0.6	0	0	11.78	0.82	17
2/26/2016 5:00	15	3.72	0.72	0.09	0.09	11.67	1	16
2/26/2016 18:10	16	2.05	0.01	0	0	11.56	10.07	16
2/26/2016 23:10	16	2.16	0.21	0	0	9.16	0.9	16
2/27/2016 13:30	16	2.03	0.87	0.33	0.4	8.78	1.1	15
2/27/2016 18:05	16	1.82	0.74	0.1	0.09	8.63	0.96	15
2/28/2016 12:00	16	2.09	0.66	0	0	9.18	1.1	15
2/28/2016 18:30	16	1.96	0.25	0	0	10.18	1	16
2/28/2016 23:45	16	3.1	0.51	0.1	0.09	10.08	0.98	16
2/29/2016 11:20	16.5	2.12	0.4	0	0	10.12	1.1	16
2/29/2016 12:00	17	1.96	0.25	0	0	9.91	1.01	17
3/1/2016 12:00	18	2.03	0.4	0	0	8.72	1.1	17
3/1/2016 18:25	17	2.18	0.34	0	0	9.79	0.93	17
3/1/2016 23:50	17	2	0.2	0	0	9.93	0.98	17
3/2/2016 11:00	17	1.9	0.32	0	0	7.19	1.15	17
3/2/2016 18:20	17	1.91	0.55	0.1	0.08	5.41		17
3/2/2016 23:50	17	2.1	0.4	0	0	5.1	1	17
3/3/2016 12:40	17	1.87	0.63	0.15	0.09	5.44	1.1	17
3/3/2016 23:00	18	2.01	0.51	0.05	0.03	6.05	0.9	17
3/4/2016 11:34	17	1.54	0.28	0		7.61		18
3/4/2016 17:50	14	2.48	0.87	0.17	0	14.84	1	22
3/4/2016 18:30	17	1.72	0.4	0	0	7.81	1	18
3/4/2016 23:00	17	2	0.55	0	0	7.44	1.1	18
3/5/2016 11:45	17	2.06	0.86	0.24	0.3	9.35	1.07	18
3/6/2016 5:10	17	1.77	0.32	0	0	9.87	1.15	
3/6/2016 18:30	17	2	0.22	0	0	10.44	1.05	18
3/6/2016 23:00	17	2.08	0.3	0	0	10.12	1.08	18
3/7/2016 11:50	15	1.79	0.5	0	0	10.23	1.03	18
3/8/2016 6:00	17	2.1	0.33	0	0	7.81	1.15	18
3/8/2016 11:30	18	2.23	0.4	0	0	6.96	0.93	18
3/8/2016 23:00	16	1.98	0.34	0	0	6.53	1.15	19
3/9/2016 11:50	17	2.37	0.92	0.6	0.51	7.18	1	18
3/9/2016 17:45	16	1.9	0.45	0	0	6.97		19
3/9/2016 23:45	16	2	0.53	0	0.1	6.82	1.15	19
3/10/2016 11:30	17	1.99	0.94	0.1	0.16	8.27	0.77	19
3/10/2016 17:45	16	2.02	0.62	0	0	7.84	1	19
3/10/2016 23:00	16	2	0.72	0.19	0.22	9.84	1.18	19
3/11/2016 11:40	16	2.2	0.75	0.25	0.11	9.78	1.05	19
3/11/2016 18:20	14	2.48	0.78	0.2	0.15	10.57	0.56	20
3/12/2016 0:00	15	2.08	0.76	0.11	0.2	6.87	1.1	19
3/12/2016 0:20	13	2.05	0.2	0	0	8.96	0.98	20
3/12/2016 5:10	15	2.36	1.72	0.94	0.86	8.01	1.05	20
3/12/2016 12:00	15	2.1	0.51	0	0	5.67	1.11	20
3/12/2016 18:35	15	2.26	0.77	0.36	0.25	6.66	1.14	20
3/13/2016 12:00	15	1.87	0.3	0	0	5.84	1.1	20
3/13/2016 18:35	14	2.06	0.72	0.15	0.13	6.07	0.88	20
3/14/2016 5:30	14	2.16	0.78	0.13	0.15	6.9	0.98	19
3/14/2016 11:40	16	7.45	0.62	0.03	0.09	8.09	0.82	22
3/14/2016 12:00	14	2.09	0.52	0	0	6.24	1.1	20
3/14/2016 18:00	14	1.84	0.75	0.15	0.21	6.34	1.01	20
3/14/2016 23:00	14	1.96	0.43	0	0	7.06	0.9	20
3/15/2016 12:00	17	2.01	0.5	0	0.01	9.21	0.9	20
3/15/2016 12:45	18	4.4	1.27	0.53	0.4	8.78	1.15	19
3/15/2016 18:20	17	2.82	0.56	0.1	0.09	9.35	0.82	20
3/16/2016 11:45	18	2.63	0.52	0	0	8.22	1.15	19
3/16/2016 18:45	16.5	2.49	0.27	0	0	10.77		20
3/16/2016 23:20	18	2.51	0.75	0.05	0.03	8.63	1.05	20
3/17/2016 11:00	17	2.24	0.9	0.3	0.27	8.94	1.18	19
3/18/2016 12:40	17	2.62	0.94	0.5	0.36	8.27	0.62	20
3/18/2016 18:00	17	2.22	0.57	0	0	7.1	1	20
3/18/2016 23:45	16	2.2	0.57	0.04	0.09	7.17	1.1	20
3/19/2016 11:00	17	2.51	0.8	0.18	0.2	8.27	1.1	20
3/19/2016 18:00	17	2.44	0.56	0	0	8.78		20
3/20/2016 0:00	17	2.38	0.69	0.1	0.17	8.72	1.09	20
3/20/2016 11:15	17	2.05	0.25	0	0	7.96	0.9	20
3/20/2016 18:00	16	2.28	0.77	0.19	0.22	8	1.05	22
3/20/2016 23:45	15	2.19	0.87	0	0	7.87	1.1	21
3/21/2016 23:00	16	4.77	1.1	0.37	0.32	11.24	1.15	19
3/22/2016 7:18	15	9.25	2.64	0.79	0.81	12.82	1.23	18
3/22/2016 13:30	16	4.53	1.96	0.64	0.48	16.18	0.9	18
3/23/2016 6:00	15	3.75	1.22	0.34	0.37	11.84	1.15	18
3/23/2016 18:00	15	2.85	0.77	0.1	0.22	15.72	0.1	18
3/23/2016 23:40	15	3	0.131	0	0.13	14.24	1.15	18
3/24/2016 12:00	15	3.01	0.51	0.09	0.05	11.05	1	18
3/24/2016 17:45	13	3.44	2.63	1.87		8.9	0.99	18
3/25/2016 4:45	17	2.41	0.82	0.31	0.2	9.87	1.05	
3/25/2016 12:45	17	2.44	0.9	0.1	0	10.84	1.1	19
3/25/2016 18:30	17	2.1	0.99	0.35	0.29	11.31	1.06	19
3/26/2016 11:00	16	2.1	0.65	0	0	9.82	1.15	20
3/26/2016 18:25	16	1.98	0.62	0	0	11.56	0.85	20
3/27/2016 6:00	16	1.77	0.27	0	0	10.96	0.98	20
3/27/2016 12:30	15	1.9	0.03	0	0	10.34	1	20
3/27/2016 23:15	17	3.95	0.76	0.15	0.21	11.36	0.86	20
3/28/2016 12:30	19	1.9	0.38	0	0	8.78	1.15	20
3/28/2016 18:35	17	2.09	0.28	0	0	8.7	1.16	20
3/29/2016 0:10	17	1.81	0.31	0	0	6.26	0.91	20
3/29/2016 12:00	19	2.03	0.65	0	0	8.78	1.08	20
3/29/2016 18:30	17	2.05	0.56	0.1	0.09	6.86	1.01	20
3/30/2016 5:20	18	1.79	0.47	0	0	7.03	1.15	19
3/30/2016 11:00	19	1.89	0.62	0	0.04	8.1	1.15	20
3/30/2016 18:20	17	1.97	0.29	0	0	9.79	1.08	20
3/31/2016 0:15	15	1.89	0.25	0.05	0.08	7.36	1	20
3/31/2016 12:00	16	2.03	0.9	0.1	0.2	8.31	1	20
3/31/2016 18:50	16	2.22	0.39	0	0	9.25	0.33	21
4/1/2016 5:00	15	2.14	0.6	0.1	0.05	7.21	1.01	20
4/1/2016 13:39	16	1.9	0.43	0.05	0.08	7.87	0.98	21
4/1/2016 18:30	16	2.01	0.33	0	0	8.38	1.1	21
4/2/2016 11:50	15	2.87	1	0.6	0.51	5.28	0.98	21
4/2/2016 18:45	15	2.5	0.51	0	0	5.22	1.1	21
4/3/2016 13:30	15	1.89	0.65	0.12	0.09	5.86	1.01	21
4/3/2016 18:00	14	2.25	1.85	1	0.9	5.87	1.05	21
4/4/2016 5:10	15	2.12	0.32	0	0	6.34	1	20
4/4/2016 13:17	16	2.05	0.65	0.09	0.11	8.96	1	20
4/4/2016 23:45	16.5	1	0.66	0	0	8.18	1.1	20
4/5/2016 17:50	16	2.57	1.19	0.66	0.31	10.84	0	21
4/6/2016 6:00	16	2.22	0.59	0	0	10.72	1.15	20
4/6/2016 23:00	17	1.9	0.55	0	0	7.84	1	20
4/7/2016 11:30	18	2.05	0.55	0.01	0.02	6.91	0.71	20
4/7/2016 18:45	17	2	0.9	0.33	0.41	7.34	0.92	20
4/7/2016 23:45	17	2.22	0.87	0.19	0.22	7.94	1.1	20
4/8/2016 12:00	17	2.09	0.59	0	0	9.18	1	20
4/8/2016 12:00	16	2.1	0.68	0	0	16.63	1.01	20
4/8/2016 18:40	16	2.37	0.9	0.05	0.09	12.06		20
4/9/2016 23:00	14	2.1	0.65	0	0	9.19	1.05	20
4/9/2016 23:40	13	2.08	0.56	0	0	10.01	1	20
4/10/2016 5:50	13	2.05	0.46	0.05	0.1	10.76	1.01	19
4/10/2016 18:37	14	2.36	0.5	0	0	10.57	1.13	20
4/10/2016 23:50	13	2.1	0.25	0	0	6.07	1.03	20
4/11/2016 11:24	17	42.29	0.29	0	0	9.78	1.15	20
4/11/2016 17:35	16	2.88	0.8	0.2	0.25	8.09	0.99	20
4/12/2016 5:10	15	2.41	0.52	0	0	6.01	1	20
4/12/2016 13:00	14	2.4	0.51	0	0	7	1.1	20
4/13/2016 13:05	14	2.24	0.57	0	0	7.24	1	20
4/13/2016 17:35	15.5	2.42	0.45	0	0	8.36	1	21
4/13/2016 23:50	15	2.72	0.36	0	0	8.18	1	21
4/15/2016 13:00	8	2.32	0.3	0	0	5.24	1.24	21
4/16/2016 5:20	7	2.01	0.25	0	0	6.98	0.9	20
4/16/2016 11:00	8	2.34	0.34	0	0.11	5.22	1	
4/17/2016 23:00	16	2.22	0.31	0	0	7.26	1	20
4/18/2016 12:37	16	2.94	0.37	0	0	7.96		21
4/18/2016 18:17	15.5	2.77	0.5	0.04	0	8.24	0	21
4/19/2016 11:35	15	1.98	0.4	0.05	0.06	7.96	0.89	21
4/20/2016 1:40	15	2.54	1	0.32	0.44	7.94	0.9	21
4/20/2016 12:20	15	2.67	1.05	0.25	0.3	9.54	0.7	22
4/20/2016 17:40	15	2.32	1.11	0.54	0.38	8.59		22
4/21/2016 1:00	15	2.34	0.81	0.2	0.24	8.71	1.05	21
4/21/2016 11:30	15.5	2.19	0.54	0.05	0.02	6.44	0.89	21
4/22/2016 5:00	15	2.24	0.51	0	0	9.19	1	
4/22/2016 12:00	17	6.35	0.6	0	0	8.96	0.91	21
4/22/2016 23:52	13	2.34	0.54	0.02	0.1	8	0.94	22
4/23/2016 5:10	12	2.52	0.3	0	0	8.32		21
4/23/2016 11:48	13	2.22	0.44	0	0	9.19	1	22
4/24/2016 7:22	13	2.54	0.32	0	0	7.11	0.84	22
4/24/2016 18:00	11	4.3	0.79	0.1	0.21	7.04	0.5	22
4/25/2016 5:00	12	2.76	0.25	0	0	8.23	0.81	21
4/25/2016 13:10	13	2.54	0.57	0.17	0.11	7.87	0.99	22
4/25/2016 18:00	10	2.65	0.5	0	0	8.14	1.05	22
4/26/2016 5:20	11	2.23	0.42	0.09	0	6.98	0.96	21
4/26/2016 13:45	15	2.34	0.53	0.22	0.1	8.1	1	22
4/26/2016 18:00	14	2.54	0.25	0	0	7.92	0.89	22
4/26/2016 23:35	19	21.01	1.05	0.38	0.26	13.01	0.81	22
4/27/2016 12:00	19	3.92	1.1	0.32	0.52	10.94	1	20
4/27/2016 17:18	17.5	2.54	0.25	0	0	10.88	0.93	22
4/28/2016 6:50	8	3	0.5	0.33	0.1	8.38	1	21
4/28/2016 13:00	15	2.9	0.66	0.17	0.22	6.89	1.05	21
4/28/2016 18:22	17	2.33	0.9	0.28	0.36	6.47	0.82	22
4/29/2016 0:15	15	2.18	0.56	0	0	6.91	0.9	21
4/29/2016 12:35	14.5	2.66	0.59	0.05	0.09	10.3	1.05	24
4/29/2016 17:00	15	2.71	0.51	0.02	0.09	8.63	1	22
4/30/2016 6:00	17	2.22	0.3	0	0	8.22	1.03	21
4/30/2016 11:30	17.8	2.48	0.98	0.01	0.03	7.81	0.9	22
5/1/2016 1:35	15	2.39	0.47	0	0	7.34	1	22
5/1/2016 13:05	14.7	2.11	1.76		0.3	9.69		22
5/1/2016 23:00	13	2.22	0.9	0.33	0.27	8.78	1	22
5/2/2016 5:00	14	2.1	0.82	0.31	0.22	8.34	1	22
5/2/2016 11:30	13.2	2.76	0.3	0	0	7.83	0.88	23
5/2/2016 17:40	13	2.1	0.57	0	0	7.34	0.91	22
5/3/2016 5:00	15	2.08	0.5	0	0	8.34		22
5/3/2016 12:30	15.5	2.89	1.19	0.35	0.4	7.16	0.85	23
5/5/2016 0:00	14	2.6	0.52	0	0	11.24	0.9	21
5/5/2016 13:15	13.3	3.64	0.96	0.25	0.19	9.01	0.98	22
5/5/2016 18:20	17	1.82	0.89	0.32	0.46	9.79		18
5/6/2016 11:00	13.5	2.22	0.55	0	0.03	10.87	0.9	21
5/7/2016 5:10	12	2.61	0.2	0	0	7.01	0.98	21
5/7/2016 12:00	115	3.12	0.44	0.09	0.11	7.24	1.05	22
5/7/2016 18:40	14	2.56	1.2	0.36	0.42	5.81	1.05	22
5/11/2016 18:15	7	2.22	0.49		0	12.68	0.94	23
5/12/2016 11:30	7	2.34	0.66		0.09	9.34	0.99	21
5/13/2016 5:00	7	2.02	0.76		0.1	9.76	0.8	21
5/13/2016 12:50	9.5	2.31	1.1	0.39	0.8	7.04	0.9	23
5/13/2016 18:40	7.5	2.54	0.44	0.09		5.92	1	23
5/13/2016 23:00	7	2.34	0.72	0.17		5.92	1.05	22
5/14/2016 18:22	16	3.12	0.45	0	0	7.54	0.99	22
5/15/2016 12:50	12.5	2.05	1.09	0.2	0.39	8.63	1.18	23
5/16/2016 6:50	11.5	2.08	0.92	0.21	0.18	12.86	1.14	22
5/16/2016 18:00	9	3.33	0.77	0.17	0.22	10.48	0.77	23
5/17/2016 13:10	9.8	2.04	1.14	0.05	0.3	8.76	1	23
5/17/2016 18:30	17	2.31	0.59	0.18	0.15	6.52	1.08	20
5/17/2016 18:45	10	2.05	0.8	0.04	0.12	10.24	0.99	23
5/17/2016 23:00	10	58.42	0.37	0.02	0.02	11.22	0.92	22
5/18/2016 12:10	19	2.1	0.36	0	0	6.81	1	20
5/18/2016 23:00	5	5.24	1	0.33		9.78		
5/19/2016 11:50	14	6.97	3.85	0.57	0.6	14	1.05	22
5/19/2016 18:22	14	6.88	1.52	0.87	0.55	14.24	1	23
5/20/2016 5:40	10	3.76	0.95	0.25	0.3	11.12	0.9	23
5/20/2016 12:30	7	3.21	0.87	0.22	0.28	12.87	0.84	23
5/20/2016 18:00	7	3.05	0.66	0.05	0.03	20.08	1.32	23
5/21/2016 0:00	6.5	2.01	0.31	0.07	0.16	7.03	0.9	23
5/21/2016 12:30	6	3.01	0.35	0	0	12.19	1	23
5/21/2016 13:00	7	2.81	0.4	0.09	0.03	9.7	0.9	22
5/22/2016 11:00	10	3.33	0.77	0.02	0.1	10.84	1.05	22
5/22/2016 18:30	10	3.09	0.13	0	0	6.16	0.35	23
5/23/2016 11:50	9	2.03	0.2	0	0	7.34	0.99	23
5/24/2016 12:00	10	2.08	0.64	0.1		7.87	1	23
5/25/2016 6:00	10	2.58	0.65	0.44		7.87	1	
5/25/2016 13:00	15	2.24	1.17	0.75		10.84	1.1	23
5/26/2016 13:00	6	2.34	0.32	0.02		7.32	0.99	23
5/26/2016 17:50	9	2.19	0.08	0.13			1.1	
5/26/2016 18:15	3.3	2.43	0.3	0	0			
5/27/2016 11:00	3	2.34	0.32	0.04	0.02			
5/27/2016 17:00	3	2.24	0.2	0.1	0.22			
5/28/2016 12:30	3.4	2.36	0.5	0.13				
5/29/2016 12:50	3.5	2.36	0.2	0				
5/29/2016 18:00	3	2.22	0.3	0.02				
5/30/2016 5:00	6	2.32	0.7	0.02	0			
5/30/2016 13:00	3.5	2.46	0.6	0.05				
5/31/2016 5:00	3	2.08	0.3	0	0	11.74	0.69	2
5/31/2016 18:22	8	3.33	0.3	0	0	9.18	1	23
6/1/2016 13:28	5	3.26	0.81	0.02	0.05	8.39	0.8	23
6/2/2016 0:00	18	41.87	1.1	0.34	0.56	15.34	1.11	21
6/2/2016 6:00	14	38.14	5.86	2.08	2.17	19.34	1	2
6/3/2016 13:10	15	13.23	3.83	1.75	1.22	17.44	1.2	20
6/3/2016 18:00	17	13.16	2.91		1.03	18.76	0.9	20
6/4/2016 12:05	17	15.24	1.34	0.33	0.44	17.24	1.1	19
6/5/2016 0:10	16	11.36	1.21	0.96	0.81	10.76	1	20
6/5/2016 11:30	14	1.83	1.32	0.7	0.61	11.34	1.15	21
6/6/2016 0:25	12	4.36	0.82	0.06	0.09	9.36	0.71	21
6/6/2016 11:45	14	5.94	0.87	0.02	0.1	9.12	1.18	21
6/6/2016 12:00	10	5.26	0.36	0	0	8.96	1.01	20
6/6/2016 17:58	10.5	5.99	0.79	0.08	0.03	10.48	1.15	21
6/7/2016 11:30	13	15.91	0.75	0	0.04	8.18	1.17	21
6/7/2016 18:35	17	61.48	0.81	0.09	0.06	14.08	1.1	20
6/8/2016 5:20	15	8.68	1.96	0.88	0.63	18.24	0.99	20
6/8/2016 11:00	14	2.17	0.5	0	0	5.33	1	21
6/8/2016 11:40	15	6.08	1.15	0.75	0.57	12.34	1.1	20
6/8/2016 17:50	10	2.63	0.36	0	0	6.7	1	22
6/9/2016 6:44	19	15.87	1.99	1	0.99	17.24	0.99	20
6/9/2016 11:20	10	2.3	0.5	 	0	7.17	1	21
6/9/2016 11:22	15	13.1	1.9	0.9	0.77	15.12	1.19	20
6/9/2016 18:10	10	2.15	0.62	0	0.05	7.3	1	22
6/10/2016 6:40	19	7.36	0.21	0	0	14.22	0.99	20
6/10/2016 12:00	7	2.54	0.9	0.17	0.22	7.24	10.9	
6/10/2016 18:00	15	6.47	1.3	0.55	0.67	17.24	1.11	20
6/11/2016 18:30	15	5.22	0.97	0.1	0.22	1.24	0.86	21
6/12/2016 17:40	13	3.22	2	1.1	1.22	10.84		21
6/13/2016 6:00	14	2.18	0.33	0	0	6.33	0.99	18
6/13/2016 11:40	16	4.96	0.38	0	0	10.69	1	20
6/13/2016 18:00	14	5.17	0.99	0.1	0.22	11.27	0.9	20
6/14/2016 12:51	13	4.76	0.8	0.18	0.2	8.01	1	20
6/15/2016 5:10	15	26.72	1.31	0.57	0.24	19.89	1.1	19
6/15/2016 17:30	14	11.94	2.92	0.99	0.73	17.24	0.34	20
6/16/2016 5:22	15	17.12	2.66	1	0.9	17.34	1.1	19
6/16/2016 12:00	13	11.01	1.91	0.09		10.05	0.81	19
6/16/2016 18:30	13.5	15.29	1.89	0.75		13.29	1.2	19
6/17/2016 5:30	14	9.19	2.53	1		15.87	1.09	19
6/17/2016 12:00	13.3	8.3	1	0.3		19.24	1	19
6/17/2016 17:50	14	8.4	1	0.15		12.38	1	19
6/18/2016 5:13	18	8.7	0.82	0.06		10.05	1.05	19
6/18/2016 11:30	15	7.87	2.09	0.9		12.24	1.15	19
6/18/2016 18:00	15	8.01	1.93	0.86		10.96	1.36	19
6/19/2016 0:10	14	10.21	0.9	0.13	0.18	9.61	1	19
6/19/2016 11:10	15	7.08	1.36	0.55	0.3	11.24	1.1	19
6/19/2016 17:00	15	6.28	2.03	1.05	1.26	12.1	0.51	19
6/20/2016 6:00	20	8.14	1.61	0.49	0.51	9.56	0.98	19
6/20/2016 12:00	18	6.12	0.8	0.11	0.09	9.22	1.17	20
6/20/2016 18:25	17	5.74	1.25	0.72	0.53	8.7	0.85	20
6/21/2016 11:30	16	5.9	1.2	0.39	0.51	9.38	1.15	20
6/21/2016 18:15	16	5.96	0.4	0	0	10.81	1	19
6/21/2016 23:20	16	7.36	0.51	0.01	0.03	11.21	1.05	19
6/22/2016 11:40	16.5	4.33	0.8	0.1	0	9.34	1.14	19
6/22/2016 18:55	15	23.18	1.05	0.23	0.31	13.99	1	20
6/23/2016 6:20	10	6.3	0.18	0	0	9.43	1.01	19
6/23/2016 18:20	11	4.98	0.19	0	0	17.36	1.05	19
6/23/2016 23:40	14	4.53	0.99	0.17	0.21	9.31	1.1	19
6/24/2016 12:50	16	3.84	0.43	0	0	11.01	1	20
6/24/2016 18:30	15	3.51	0.71	0	0.02	9.87	1.09	19
6/25/2016 11:40	17	3.96	0.98	0.15	0.12	9.01	0.91	20
6/25/2016 18:00	15	3.57	0.6	0.02	0	9.87	0.62	20
6/26/2016 5:00	15	3.44	0.71	0.1	0.09	10.94		19
6/26/2016 23:00	15	3.91	0.38	0	0	9.3	0.9	19
6/27/2016 12:00	17.5	2.81	0.35	0	0	9.83	1.05	20
6/27/2016 17:00	14	2.99	0.3	0.02	0	9.64	1	20
6/27/2016 23:00	14	3.33	0.77	0.1	0.2	8.54	1.09	20
6/28/2016 11:50	14	3.1	0.85	0.36	0.35	8.63	0.85	19
6/28/2016 23:00	14	3.19	0.43	0.02	0	10.24	1.1	20
6/29/2016 11:50	15.5	3.63	0.41	0.01	0.05	11.93	0.7	19
6/29/2016 18:00	14	3.22	0.55	0	0	11.24	0.54	20
6/30/2016 11:30	16.5	2.93	0.51		0	9.81	0.98	19
6/30/2016 18:10	15	3	0.35	0	0.02	10.34	1	20
6/30/2016 23:45	15	3.14	0.53	0	0	10.84	1	20
7/1/2016 18:10	15	2.83	0.61	0	0	10.38	1.05	20
7/1/2016 23:25	16	38.7	0.96	0.1	0.16	13.01	1	19
7/2/2016 18:25	15	4.79	0.18	0	0	18.96	0.15	20
7/3/2016 5:00	16	3.21	0.61	0.09	0.13	10.26	0.86	19
7/3/2016 12:00	15	3.17	0.79	0.17	0.21	10.94	1.1	20
7/3/2016 18:00	17	3.38	0.31	0	0	12.01	1	20
7/3/2016 23:25	17	3.91	0.28	0	0.01	9.36	0.89	20
7/4/2016 5:20	18	3.21	0.53	0.1	0.12	10.16	1	
7/4/2016 17:00	17	3.26	0.89	0.25	0.41	11.96	1	20
7/5/2016 6:00	15	3.29	0.31	0	0	10.13	0.98	19
7/5/2016 12:00	16.5	3.12	1	0.22	0.24	9.87	1.15	20
7/5/2016 17:55	16	3.26	0.89	0.21	0.26	9.01	1	20
7/6/2016 6:00	16	2.69	0.55	0	0	8.55	0.91	19
7/6/2016 12:00	16	2.53	1	0.41	0.29	9.31	1.05	19
7/6/2016 18:00	20	6.94	0.7	0.05	0.09	13.87	0.69	20
7/6/2016 23:00	10.5	12.36	0.44	0.03	0.01	13.96	0.9	20
7/7/2016 12:00	15	6.33	0.57	0.17	0.1	12.24	1.15	20
7/7/2016 23:10	18	3.28	0.58	0.12	0.11	7.01	1	20
7/8/2016 12:30	17.5	3.15	1.64	0.5	0.63	7.61	1	19
7/8/2016 17:40	15	3.23	0.49	0.1	0.04	10.24	1.1	20
7/9/2016 6:22	16	3.4	0.92	0.1	0.24	10.84	1.05	19
7/9/2016 12:10	15	3.96	0.89	0	0	9.86	1	19
7/10/2016 5:00	15	3.09	0.66	0	0.1	11.34		19
7/11/2016 12:20	15	2.91	0.33	0	0	11.3	0.82	20
7/11/2016 18:50	14	2.72	0.19	0	0	11.24	0.72	20
7/12/2016 12:20	15	2.68	0.36	0	0.08	8.91	1	20
7/12/2016 17:40	14	3.54	0.9	0.17	0.24	10.84	1	20
7/13/2016 11:50	15	3.58	0.51	0	0	9.01	0.98	20
7/14/2016 5:00	15	2.72	0.68	0.02	0.09	12.43		19
7/14/2016 13:07	13	3.16	0.51	0	0	10.01	0.98	20
7/14/2016 23:00	14	4.1	1	0.33	0.22	12.39	1	19
7/15/2016 12:00	15	3.22	0.9	0.31	0.21	12.34	0.99	19
7/15/2016 18:15	15	2.46	0.51	0	0	7.96	1.05	20
7/16/2016 5:40	15	3	0.68	0	0	8.14	1.05	19
7/16/2016 12:46	15	3.09	0.59	0.09	0.16	8.54	1.11	20
7/16/2016 18:39	15	2.91	0.36	0	0	8.93	1	20
7/16/2016 23:00	12	2.98	0.3	0	0	8.1	1.01	20
7/17/2016 11:30	15	2.94	0.51	0.12	0.04	8.12	1.1	20
7/17/2016 18:30	12	1.59	0.18	0	0	10.01	0.5	20
7/18/2016 5:00	17	12.1	0.71	0.09	0.1	13.61	1	19
7/18/2016 12:00	15	12.24	0.89	0.11	0.18	12.24	1	19
7/18/2016 18:50	15	18.31	0.68	0.05	0.09	15.91	1	20
7/19/2016 6:10	17	9.5	0.87	0.05	0.08	11.57	1	19
7/19/2016 13:00	14	7.48	1.2	0.55	0.24	11.89	1.08	19
7/19/2016 18:20	16	12.9	1	0.13	0.33	12.01	1	19
7/20/2016 6:00	14	8.01	1.03	0.29	0.36	2.91	0.86	19
7/20/2016 11:00	15	8.89	1.2	0.31	0.22	12.24	1.1	19
7/20/2016 18:20	15	9.01	0.98	0.21	0.39	10.98	0.91	20
7/21/2016 6:50	15	6.72	1.93	0.59	0.61	8.16	1	19
7/21/2016 12:00	14	6.82	1	0.22	0.31	11.24	1.1	20
7/21/2016 18:40	14	6	0.41	0	0	10.05	1.05	20
7/22/2016 0:21	15	5.63	0.5	0.1	0.18	10.01	1	20
7/22/2016 6:43	18	6.18	0.63	0.1	0.16	10.28	0.5	19
7/22/2016 18:15	16	5.1	0.41	0	0	8.01		20
7/23/2016 6:40	15	5	0.81	0.1	0.2	9.19		
7/24/2016 6:00	15	4.54	0.54	0.11	0	10.84	1.03	19
7/24/2016 12:30	15	3.76	0.29	0	0	9.18	1.05	20
7/25/2016 6:30	15	3.17	0.74	0.17	0.119	9.84	1	19
7/25/2016 12:00	14	3.66	0.53	0	0	9.81	1.05	20
7/26/2016 5:00	15	3.08	0.62	0.11	0.18	8.18	1	19
7/26/2016 11:35	19	3.01	0.18	0	0	1.36	1.1	20
7/26/2016 18:30	14	3	0.66	0.1	0.11	8.88	0.8	20
7/27/2016 11:30	17	2.68	0.51	0	0	7.09	1.05	20
7/27/2016 18:00	15	3.17	0.63	0	0	7.31	1	20
7/28/2016 11:50	15	3.05	0.32	0	0	7.96	0.8	20
7/29/2016 5:00	15	5.57	0.62	0.09	0.03	13.72	1	20
7/29/2016 17:20	10	3.18	0.12	0	0	15.01	0.36	19
7/30/2016 6:15	18	6.19	0.3	0	0	13.86	1.16	19
7/30/2016 12:00	15	5.94	0.46	0.02	0	9.98	1.1	19
7/30/2016 17:00	16	5.2	0.81	0.15	0.2	10.01	0.85	19
7/31/2016 12:33	16	4.54	0.46	0	0	10.24	1.05	20
7/31/2016 18:50	11	4.91	0.38	0	0	12.96		19
8/1/2016 11:00	16	5.22	0.81	0.17	0.31	9.34	1.1	19
8/1/2016 18:15	15	4.19	0.7	0.16	0.09	10.05	1	20
8/2/2016 5:00	16	3.98	0.41	0	0	0.32	1	19
8/2/2016 13:20	15	3.55	0.55	0	0	10.84	1.1	20
8/2/2016 18:00	16	3.91	0.36	0	0	8.01	1.05	20
8/3/2016 6:00	15	3.9	0.31	0	0	9.86	1	19
8/3/2016 12:00	15	3.4	0.61	0.09	0.11	9.37	1.1	19
8/3/2016 18:20	15	3.06	0.21	0	0	8.96		20
8/4/2016 11:40	16.5	3.03	0.71	0.24	0.19	7.81	1.1	19
8/4/2016 18:50	15	3.61	0.31	0	0	7.14	1.01	19
8/4/2016 23:20	15	3.21	0.41	0	0	7.01	1.06	19
8/5/2016 12:10	15	3.21	0.41	0	0	8.24	0.59	19
8/5/2016 18:00	14	3.08	0.15	0	0	9.78	1	20
8/6/2016 11:50	15	3.26	0.3	0	0	0.01	1	19
8/7/2016 5:00	14	3.33	0.4	0	0	9.82	1.08	19
8/7/2016 23:00	13	2.9	0.33	0		7.24	0	20
8/8/2016 5:00	13	2.72	0.6	0		7.89	0	19
8/8/2016 12:00	11.5	2.56	0.28	0		7.14	1.01	20
8/8/2016 17:40	12	2.72	0.3	0		6.22	1	21
8/9/2016 5:59	12	2.72	0.29	0		7	0.84	20
8/9/2016 11:20	12.5	2.86	0.45	0.03		6.58	1.05	21
8/9/2016 23:00	12	2.54	0.33	0	0	7.22	1	21
8/10/2016 12:15	9	3.91	0.22	0		9.1	1.05	21
8/10/2016 18:10	15	5.36	0.88	0.27	0.3	11.24	0.99	21
8/11/2016 6:22	15	5.24	1.57	0.75	0.82	13.24	1.08	20
8/11/2016 11:40	20	5.28	0.7	0.01	0.03	9.86	1.05	21
8/12/2016 5:00	15	5.09	0.99	0.3	0.22	8.89	1.08	20
8/12/2016 18:20	15	4.96	0.91	0.18	0.2	8.91	1.05	21
8/13/2016 6:20	17	4.98	0.39	0	0	8.76	1.05	20
8/13/2016 6:50	17	4.9	0.99	0.3	0.22	12.87		21
8/13/2016 18:15	17	9.1	0.7	0.09		11.36	1.01	20
8/14/2016 13:00	15	7.94	0.71	0		9.86	1.1	20
8/14/2016 18:28	15	25.81	1.01	0.91		15.23		19
8/15/2016 6:20	17	21.1	10.05	0.2	0.27	15.83		19
8/15/2016 11:00	15	19.12	0.99	0.3	0.24	15.24	1.09	19
8/15/2016 18:00	15	12.61	0.45	0.05	0.03	15.96	0.13	19
8/16/2016 5:30	17	15.86	0.41	0.1	0.08	15.01		19
8/16/2016 12:00	19	10.24	0.9	0.33	0.22	11.72	0.99	20
8/16/2016 18:00	17	6.91	0.8	0.18	0.1	9.36	1	20
8/17/2016 6:25	15	5.91	0.3	0.05	0.1	10.9	0.9	19
8/17/2016 12:00	15	5.22	0.49	0	0	10.24	1.08	19
8/18/2016 0:40	17	4.9	0.4	0.05	0	8.36	0.98	19
8/18/2016 6:00	16	4.29	0.61	0.15	0.21	9.03	1	19
8/18/2016 12:00	15	4.69	0.8	0.29	0.2	9.92	1.05	20
8/18/2016 18:10	16.5	4.46	0.67	0.08	0.05	9.36		19
8/19/2016 5:00	14	2.36	0.2	0	0	11.36	1.01	18
8/19/2016 5:00	17	4.16	0.58	0.09	0.1	10.01		19
8/19/2016 12:50	16.5	4.66	0.98	0.5	0.42	11.01	0.9	20
8/19/2016 23:00	15	4.19	0.8	0.17	0.11	10.25	1.1	20
8/20/2016 11:40	17	3.98	0.36	0	0	9.01	1.05	20
8/20/2016 18:00	15	3.72	0.77	0.11	0.22	9.97	1.05	20
8/21/2016 6:00	16	3.86	0.51	0.08	0.12	15.36	1.05	19
8/21/2016 22:00	14	8.78	1.22	0.17	0.24	13.73	1.1	20
8/22/2016 11:30	16	5.21	0.8	0.08	0.01	8.38	1	19
8/22/2016 23:00	15	4	0.9	0.17	0.33	11.84	1.1	19
8/23/2016 11:40	15	3.02	0.9	0.05	0.09	11.01	0.96	19
8/23/2016 18:00	14	3.09	0.59	0	0	11.24	1.02	20
8/24/2016 11:40	17	3.22	0.48	0	0	10.96	1	19
8/25/2016 11:00	16	3.01	0.8	0	0	9.3	1.05	19
8/25/2016 18:00	15	2.9	0.99	0.19	0.24	10.84	0.9	19
8/25/2016 18:10	15.5	2.9	0.3	0	0	9.32	0.9	20
8/26/2016 17:00	16	6.2	0	0		0.1		19
8/27/2016 11:45	15	3.86	0.77	0.17	0.11	11.24	0.99	20
8/27/2016 18:00	16	3.7	0.43	0	0	9.1	1	20
8/28/2016 11:00	16.5	5	0.62	0.17	0.1	9.78	1.09	19
8/29/2016 11:40	15	19.24	1.09	0.32	0.51	13.24	1.09	20
8/29/2016 17:40	16	18.1	0.89	0.16	0.1	13.7	1.01	20
8/30/2016 5:30	15	12.2	1.16	0.38	0	5.1	1	19
8/30/2016 12:00	15	12.89	1.13	0.75	0	11.24	0.9	20
8/30/2016 15:09	17.5	11.22	0.9	0.31	0.24	11.84	1.09	20
8/30/2016 21:10	17	38.02	0.81	0	0.1	10.3	1	19
8/31/2016 4:00	18	30.1	0.7	0.08	0.13	12.01	1.05	18
9/1/2016 4:50	18.5	28.76	0.98	0.36	0.21	15.31	1	19
9/1/2016 11:00	15	15.09	0.81	0.09	0.22	13.07	1.1	20
9/1/2016 18:25	15	15.91	0.98	0.1	0.09	12.16	1.05	19
9/2/2016 4:30	17	17.21	0.9	0.06	0.16	11.01	1	19
9/2/2016 14:20	15	12.91	0.39	0	0	13.01	0.82	20
9/2/2016 22:20	15	12.24	0.91	0.29	0.27	13.24	1.1	20
9/3/2016 4:45	15	11.87	0.99	0.21	0.15	13.33	1.1	19
9/3/2016 11:35	15	9.48	0.89	0.31	0.25	10.01	1.1	19
9/3/2016 21:00	15	9.98	0.6	0	0	12.24	1.09	20
9/4/2016 5:00	15	10.22	0.71	0.24	0.31	11.22	1	20
9/4/2016 11:20	15	8.5	0.5	0	0	9.01	1.05	20
9/4/2016 17:00	14	7.87	0.99	0.32	0.3	10.84		20
9/5/2016 11:30	15	15.13	0.58	0.16	0.18	9.2	1	19
9/5/2016 13:10	15	11.21	1.05	0.28	0.42	8.96	0.51	19
9/5/2016 21:00	15	17.22	1.11	0.75	0.24	13.87	1.1	19
9/6/2016 4:00	15	71.24	7.57	2.75	2.63	16.24	1.1	19
9/6/2016 4:40	15	11.24	0.9	0.3	0.24	13.27	1.1	19
9/6/2016 13:00	15	10.81	0.8	0	0	9.36	1.01	19
9/7/2016 5:40	15.5	11.57	4.71	1.57	1.4	15.27	1.1	19
9/7/2016 13:33	17	9.81	1.05	0.1	0.16	9.38	0.9	20
9/7/2016 22:20	15	8.17	0.57	0	0.09	10.94	1.1	20
9/8/2016 13:10	16	7.16	0.46	0.09	0.11	10.16	1	20
9/8/2016 21:45	15	6.33	0.87	0.17	0.3	11.24	1.1	20
9/9/2016 4:40	15	5.77	0.91	0.33	0.2	11.94	1.05	19
9/9/2016 12:20	16	5.24	1.17	0.57	0.59	11.24	1	19
9/9/2016 21:19	15	8.86	0.42	0	0	9.81	1.05	19
9/10/2016 13:00	14	5.89	1.28	0.46	0.52	11.87	1.08	19
9/10/2016 22:35	16	6.91	0.53	0	0	7.9	1	19
9/11/2016 4:00	17	6.01	0.41	0	0	7.01	1.01	19
9/11/2016 12:00	16	5.69	0.9	0.3	0.19	9.87	1	19
9/12/2016 4:30	17	6	0.4	0	0	9.71	1	19
9/12/2016 13:20	16	4.24	0.93	0.27	0.16	9.38	1.11	19
9/12/2016 22:43	16	11.36	0.66	0.09	0.1	11.01	1	19
9/13/2016 4:20	18	8.7	0.83	0.13	0.2	10.23	1	19
9/13/2016 12:00	15	10.49	0.71	0.33	0.19	11.31	1.09	19
9/13/2016 16:30	17	110.01	1.01	0.15	0.21	18.1	1	19
9/14/2016 13:00	9	2.24	0.34	0	0	6.53	1.2	20
9/14/2016 16:00	15	31.42	2.01	0.76	0.81	13.01	1	20
9/14/2016 22:50	17	32.1	0.9	0.15	0.21	11.03		14
9/15/2016 4:40	17	25.7	1.58	0.36	0.4	11.91		19
9/15/2016 11:30	15	22.71	1.74	0.75	0.57	13.72	1.15	19
9/16/2016 5:50	16	19.16	0.93	0.19	0.25	10.2	1.05	19
9/16/2016 12:40	15	15.91	1.49	0.58	0.81	12.36		20
9/16/2016 22:00	15	15.24	0.81	0.09	0.22	10.94	1.1	20
9/17/2016 4:50	15	13.94	0.9	0.22	0.17	10.91	1	19
9/17/2016 11:10	19	11.98	0.75	0.05	0.08	10.9	1	20
9/17/2016 21:45	15	9.79	0.72	0.34	0.2	10.22	1.1	20
9/18/2016 6:00	15	11.94	0.82	0.2	0.19	8.87	1.09	19
9/18/2016 11:25	16	11.53	0.8	0.01	0.05	11.36	1	20
9/18/2016 22:00	15	9.72	0.59	0	0.17	9.53	1.08	19
9/19/2016 4:50	16	8.1	0.77	0.17	0.2	9.53	1.08	19
9/19/2016 11:25	17	8.04	0.62	0.06	0.09	9.01	1.01	20
9/19/2016 22:00	15	8.87	0.9	0.19	0.24	11.34	1.15	20
9/20/2016 5:00	15	7.3	0.61	0	0	11.2	1.15	19
9/20/2016 13:50	16	7.16	0.43	0	0	10.86	1	20
9/20/2016 22:00	16	6.72	1.1	0.35	0.52	12.34	1.1	20
9/21/2016 15:20	16	7.93	0.68	0	0	9.01	1.05	20
9/21/2016 18:00	16	27.9	0.99	0.3	0.22	8.27	1	20
9/22/2016 5:30	15	40	0.9	0.33	0.2	12.34	1.08	19
9/22/2016 13:20	17	21.96	0.86	0.13	0.09	10.38	1	20
9/22/2016 17:20	16	19.24	1.53	0.33	0.3	12.87	1	20
9/23/2016 6:00	16	23.74	1	0.57	0.66	13.72	1	19
9/23/2016 18:35	16.5	45.13	1.2	0.25	0.31	12.91	0.61	19
9/23/2016 23:45	16	14.05	1.48	0.57	0.58	15.85	1.09	19
9/24/2016 13:00	16.5	12.89	1.33	0.59	0.53	2.24	1.15	
9/24/2016 15:40	16.5	11.87	1.22	0.5	0.37	11.29	1.1	19
9/24/2016 21:50	17	10.96	0.56	0.08	0.1	10.96	1.06	19
9/25/2016 5:00	16.5	10.01	0.36	0	0	8.11	0.89	19
9/25/2016 11:44	16.5	10.05	1	0.2	0.09	9.39	1.1	19
9/25/2016 22:00	16.5	8.1	0.3	0	0	8.91	1.1	19
9/26/2016 12:00	16.5	7.87	0.79	0.2	0.15	9.38	1.09	20
9/26/2016 17:40	16.5	8.36	0.38	0	0	9.1	0.9	19
9/26/2016 23:20	16.5	7.36	0.41	0	0	9.91	1	19
9/27/2016 4:30	16.5	8.1	0.63	0.1	0.63	10.1		19
9/27/2016 13:20	16.5	7.22	0.6	0.09	0.12	9.36	1.06	20
9/27/2016 18:40	16	7.21	0.43	0	0	10.3	1	20
9/28/2016 12:00	16	6.17	0.64	0	0.11	9.71	1.08	19
9/28/2016 17:00	15.5	7	0.53	0	0	10.91	1	19
9/28/2016 18:40	16	6.21	0.43	0	0	1.96	1	19
9/29/2016 5:35	16.5	7.76	0.56	0	0	9.1	1	19
9/29/2016 13:30	16.5	6.17	0.71	0.09	0.11	9.24	1	19
9/29/2016 23:50	16	10.96	0.56	0.15	0.1	10.01	1	19
9/30/2016 5:45	16.5	7.1	0.68	0.08	0.05	10.01	1	19
9/30/2016 12:10	16	6.91	0.86	0.18	0.23	10.98	1.1	20
9/30/2016 22:00	16	9.72	0.81	0.17	0.22	9.71	1	20
10/1/2016 5:00	16.5	6.22	0.6	0	0.07	10.36	1	19
10/1/2016 22:00	16	5.99	0.71	0.15	0.04	9.54	1.05	19
10/2/2016 5:00	16	5.72	0.81	0.24	0.16	9.36	1	19
10/2/2016 21:45	16	5.18	0.71	0.17	0.11	9.69	1	20
10/3/2016 5:00	16	5.09	0.69	0.19	0.2	9.82	1.02	19
10/3/2016 21:45	16	5.1	0.65	0	0	9.98	1.09	20
10/4/2016 5:45	16	4.89	0.68	0	0	10.86	1	19
10/4/2016 13:00	15.5	4.2	0.36	0	0	9.86	1.1	20
10/4/2016 22:00	16	5.08	0.77	0.11	0.17	9.72	1.09	19
10/5/2016 4:45	16	4.9	0	0	0	10.24	0	19
10/5/2016 11:20	16	4.18	0.36	0	0	9.01	1	20
10/5/2016 18:00	16	4.1	0.6	0	0	10.7	1.05	20
10/6/2016 5:00	16	4.09	0.71	0.22	0.19	9.34	1.05	19
10/6/2016 22:29	16	4.57	0.69	0.17	0.11	9.78	1	20
10/7/2016 11:00	16.5	4.24	0	0	0	9.39	0.99	19
10/7/2016 18:10	16	65.18	1.01	0.28	0.36	5.42	1	19
10/8/2016 4:45	15	79.16	2.51	0.76	0.81	16.72	0.9	1
10/8/2016 10:00	13	17.34	2.14	0.38	0.18	10.81	1	
10/8/2016 13:30	15.5	16.89	0.9	0.31	0.44	14.89	1.09	19
10/9/2016 0:45	16	13.77	1.23	0.71	0.5	10.63	1	19
10/9/2016 5:30	13	17.45	1	0	0.5	10.81	1	
10/9/2016 9:00	16	11.01	0.61	0	0	10.67	1	
10/10/2016 13:00	16	11.84	1.2	0.52	0.59	11.34	1	19
10/10/2016 18:30	16	11.39	0.76	0.1	0.26	10.01	0.9	20
10/11/2016 4:40	16	12.1	0.61	0.05	0.09	10.21	1	19
10/11/2016 11:00	16	9.89	1.42	0.52	0.4	11.74	1.05	19
10/11/2016 21:10	15.5	8.96	0.4	0	0	9.81	1.05	20
10/12/2016 11:00	16	7	0.77	0.24	0.17	9.86	1	19
10/12/2016 18:00	15.5	6.21	0.5	0.05	0.06	11.91	0.96	20
10/12/2016 20:58	15.3	6.01	0.61	0.13	0.19	8.36	1.05	20
10/13/2016 4:40	16	6.23	0.03	0	0	9.01	1	18
10/13/2016 12:00	16	6.2	1.05	0.5	0.38	8.99	1	19
10/13/2016 18:25	16	6.04	1.28	0.96	0.81	8.32	0.99	19
10/14/2016 10:45	16	5.09	0.79	0.1	0.04	9.77	1.1	19
10/14/2016 18:40	16.5	5.17	0.79	0	0	9.97	1	20
10/15/2016 5:00	16	5.04	0.9	0.3	0.1	9.95	1	19
10/15/2016 18:20	16	5.09	0.61	0	0	9.17	0.9	19
10/16/2016 5:40	16	5.03	0.7	0	0.11	9.45	1	19
10/16/2016 13:35	16	4.21	0.3	0	0	8.19	1.05	19
10/16/2016 22:40	16	4.57	0.8	0	0	9.78	1	19
10/17/2016 4:50	16	15.87	0.9	0.3	0.21	11	1.05	19
10/17/2016 18:00	16	11.72	0.99	0.26	0.17	15.26	1.08	19
10/17/2016 21:30	16	7.24	0.9	0.19	0.2	14.17	1	19
10/18/2016 5:00	16	7.34	0.6	0	0	15.94	1.03	18
10/18/2016 21:00	16	6.23	0.9	0.3	0.24	9.36	1.08	20
10/19/2016 0:20	16	6.09	0.67	0.01	0.09	9.27	1	20
10/19/2016 12:00	15	9.36	0.51	0	0	9.01	1.05	19
10/19/2016 21:30	14	9.79	0.98	0.22	0.11	10.74	1	19
10/20/2016 5:00	12	25.72	1.09	0.33		10.84	0	19
10/20/2016 12:00	16	15.12	1.96	0.59	0.76	3.91	1	19
10/20/2016 18:00	16	11.24	0.86	0.2	0.11	4.24	1	19
10/21/2016 5:00	16	9.92	0.9	0.2	0.19	14.17	1	19
10/21/2016 12:00	9	8.51	1.52	0.33	0.71	9.56		19
10/21/2016 22:00	17	10.39	0.99	0.1	0.16	9.01	1	19
10/22/2016 6:00	17	9.49	0.75	0.11	0.15	9.89	1	19
10/22/2016 11:00	17	8.22	2	1	0.99	11.24	1.1	20
10/22/2016 18:35	15.5	7.96	0.91	0.09	0.05	10.36	1.05	20
10/23/2016 5:40	17	7.91	0.66	0	0	10.16	1	18
10/23/2016 12:00	13	6.27	0.6	0	0	9.79	0.9	19
10/23/2016 22:00	17	6.41	0.31	0	0	9.01	0.8	19
10/24/2016 0:35	17	7.21	0.56	0.05	0.06	9.81	1	18
10/24/2016 12:00	17	6.17	0.8	0.33	0.2	9.33	1.1	19
10/24/2016 18:20	17	4.35	0.25	0	0	10.38	1.05	19
10/25/2016 5:40	17	4.76	0.5	0.01	0.03	9.1	1	18
10/25/2016 12:00	16	5.37	0.4	0.04	0	8.97	1	19
10/25/2016 18:30	17	5.16	0.58	0.12	0.19	9.81		19
10/26/2016 5:25	16	4.5	0.5	0.15	0.21	8.09	0.91	18
10/26/2016 12:00	10	4.16	0.56	0.1	1.16	7.01	0.86	18
10/26/2016 18:25	17	4.29	0.59	0	0	7.21	0.86	18
10/27/2016 5:40	17	4.36	0.28	0	0.07	7.96	0.71	18
10/27/2016 13:00	17	4.09	0.9	0.21	0.04	8.9	1	18
10/27/2016 18:15	16.5	5.03	0.39	0	0	9.01	0.21	18
10/28/2016 5:00	16	3.89	0.71	0.2	0.19	10.24	1	18
10/28/2016 6:00	16.5	4.08	0.61	0.12	0.18	9.83	1	18
10/28/2016 12:10	16.5	4.25	0.97	0.36	0.41	9.82	1.1	19
10/29/2016 12:40	16	3.48	0.28	0	0	9	1	19
10/29/2016 13:00	16	3.82	0.64	0.1	0	8.32		19
10/29/2016 23:00	16	3.57	0.7	0.17	0.24	9.54	1	19
10/30/2016 5:00	17	3.94	0.9	0.3	0.2	9.71	1.05	18
10/30/2016 13:00	16	3.86	0.58	0	0	8.7	1	19
10/30/2016 22:20	17	3.52	0.8	0.11	0.04	9.36	1	19
10/31/2016 11:30	16	3.66	0.63	0	0	9.01	1	18
10/31/2016 15:10	16	3.96	0.68	0	0	9.21	0.9	18
10/31/2016 22:00	17	3.71	0.7	0.09	0.04	10.24	1	18
11/1/2016 4:40	17	3.81	0.87	0.1	0.09	10.27	1.03	18
11/1/2016 13:00	18	3.83	0.69	0.18	0.21	9.1	1	19
11/1/2016 22:00	15	3.94	0.84	0.17	0.22	11.84	1.09	18
11/2/2016 4:40	14	4	0.77	0.15	0.09	12.77	1	18
11/2/2016 13:15	15	3.93	0.42	0	0	11.35	1	19
11/2/2016 23:45	14	3.72	0.6	0.09	0	8.98	1.03	19
11/3/2016 4:40	13.5	3.69	0.81	0.1	0.22	8.98	1	18
11/3/2016 11:25	14	4.02	0.46	0	0	9.81	1	18
11/3/2016 21:40	13.3	3.44	0.77	0.11	0.17	10.24	1	18
11/4/2016 5:30	10	3.72	0.71	0	0	11.24	1	
11/4/2016 18:35	14	3.81	0.46	0	0	10.31	1	19
11/5/2016 4:00	13	5.8	2.1	1.05	1.21	13.16		18
11/5/2016 12:49	12	3.72	0.11	0.09		11.24	1.05	19
11/5/2016 23:35	17	4.36	0.31	0	0	7.3	1.05	19
11/6/2016 4:00	18	3.86	0.29	0	0.08	8.98	0.89	
11/6/2016 12:00	19	3.99	0	0.17	0.1	8.89	0.99	19
11/6/2016 22:10	17	4.29	0.59	0	0	10.21	1	18
11/7/2016 4:00	18	4.18	0.36	0	0	9.86	1.05	18
11/7/2016 12:30	17	3.83	0.81	0.1	0.11	8.78	1.05	18
11/7/2016 22:15	18	3.91	0.61	0.1	0.08	9.01	1	18
11/8/2016 4:00	18	3.01	0.36	0	0	10.36	1	18
11/8/2016 13:30	16	3.17	0.6	0.1	0.04	8.07	1.03	18
11/8/2016 23:40	16.5	3.33	0.41	0	0	8.36	1	18
11/9/2016 7:30	16	3.09	0.52	0	0	9.17		18
11/9/2016 13:00	16.5	3.19	0.59	0.09	0.11	8.32	1.1	18
11/9/2016 18:30	16.5	3.18	0.86	0.05	0.09	8.01	1	18
11/10/2016 0:21	16.5	3.96	0.89	0.21	0.36	10.3	1	18
11/10/2016 12:00	16.5	3.12	0.53	0.09	0	8.38	1.09	18
11/10/2016 18:10	16.5	3.26	0.43	0	0	8.96	1.1	19
11/11/2016 5:25	16.5	3.5	0.51	0	0	8.91	1	18
11/11/2016 12:30	16.5	3.21	0.7	0.1	0.09	8.21	1	19
11/11/2016 18:35	16	3.77	1.15	0.32	0.2	8.12	0.81	19
11/12/2016 6:00	16.5	3.97	0.6	0	0	9.37	1.03	18
11/12/2016 13:15	14	3.21	0.38	0	0	8.36	1	19
11/12/2016 18:00	16	3.22	0.98	0.8	0.19	9.12	1	19
11/13/2016 5:00	16	3.57	0.5	0	0	9.72	1.03	18
11/13/2016 12:00	16	3.26	0.43	0	0	8.01	1	19
11/13/2016 18:00	16.5	3.09	0.6	0	0	7.84	1	19
11/14/2016 2:30	16.5	3.1	0.52	0	0	6.89	1	19
11/14/2016 13:25	16.5	3.1	0.43	0	0	8.01	1	19
11/14/2016 23:30	16.5	3.13	0.57	0	0	9.37	1.1	19
11/15/2016 4:30	16	3.09	0.5	0	0	9.78	1.1	19
11/15/2016 13:25	16	3.21	0.42	0	0	1.08	1	20
11/15/2016 21:45	14	3.03	0.77	0.11	0.09	10.27	1.03	20
11/16/2016 1:00	14	3	0.61	0	0	9.87	1.07	19
11/16/2016 12:00	13	3.91	0.28	0	0	9.3	0.9	19
11/16/2016 23:30	13	4	1	0.33	0.29	10.24	1.09	19
11/17/2016 2:45	13	3.73	0.9	0.29	0.33	10.29	1	19
11/17/2016 11:40	12.5	3.16	0.41	0	0	7.21	1	19
11/17/2016 18:00	11	2.9	0.42	0	0	9.55	0.9	18
11/18/2016 1:49	11	3.1	0.77	0.22	0.1	11.24	0.98	18
11/18/2016 12:40	10	3.13	0.6	0	0	10.24	1.1	18
11/19/2016 5:00	14	3.21	0.47	0	0	9.76	1	18
11/19/2016 12:00	13	4.12	0.6	0	0	9.37	0.99	18
11/19/2016 23:00	13	5.16	0.49	0	0	10.05	1	17
11/20/2016 4:00	15	6.42	0.51	0	0	12.36	1	17
11/20/2016 12:00	13	10.84	0.9	0.33	0.2	13.83	1	17
11/20/2016 18:45	14	10.86	1	0.19	0.25	13.05	1	17
11/21/2016 3:25	14	11.3	0.41	0	0	11.95	1	16
11/21/2016 10:05	13	9.36	0.4	0	0	12.01	1	17
11/21/2016 12:20	14.2	7.87	1.1	0.33	0.52	12.08	1	17
11/22/2016 4:10	14	8.01	0.53	0	0	12.01	1	16
11/22/2016 12:00	13	6.01	0.46	0	0	12.16	1	16
11/22/2016 13:00	13.5	7.57	0.69	0	0	12.87	1	17
11/23/2016 5:00	14.5	6.26	0.68	0	0	13.01	1.1	16
11/23/2016 12:15	17	4.89	0.5	0	0	11.24	1.05	16
11/23/2016 18:25	15	4.1	0.81	0	0	12.01	1.05	17
11/24/2016 6:00	17	4.9	0.36	0	0	8.9	1	17
11/24/2016 13:40	16	4.09	0.71	0.11	0.09	9	1.1	17
11/24/2016 23:00	16	4.86	0.76	0.1	0.21	10.8	1	17
11/25/2016 5:30	12	4.91	0.81	0.36	0.38	10.93	1.05	17
11/25/2016 12:55	15	8.59	0.4	0	0	13.93	1	17
11/25/2016 23:40	14.5	7.8	0.9	0.2	0.19	13.12	1.03	17
11/26/2016 0:00	14	7.81	0.9	0.71	0.3	10.96	1	17
11/26/2016 5:00	14	7.2	0.99	0.33	0.2	13.71	1	17
11/26/2016 22:35	14	11	0.9	0.17	0.37	13.22	1.05	17
11/27/2016 5:00	13	13.38	1.1	0.33		12.89	1.05	17
11/27/2016 13:00	15	11.56	0.5	0	0	8.1	1	17
11/27/2016 22:45	14	11.77	1.54	0.57	0.71	13.17	1.1	17
11/28/2016 6:00	14.5	9.17	0.89	0	0	12.89	1	17
11/28/2016 11:30	15	8.33	1.72	0.42	0.47	12.36	1	0
11/29/2016 0:30	15	8.12	1.4	0.57	0.66	14.71	1.1	17
11/29/2016 12:25	14	7.16	0.69	0.1	0.16	12.36	1	18
11/29/2016 22:30	14	7.2	1.1	0.33	0.22	11.74	1.1	18
11/30/2016 5:00	14	7.17	1.09	0.75	0.32	11.84	1	
11/30/2016 13:10	17	7.21	0.53	0.01	0.03	8.3	1	18
11/30/2016 22:00	16.5	5.89	1	0.3	0.09	9	1	18
12/1/2016 5:00	16	5.78	0.9	0.2	0.15	8.92	1.03	18
12/1/2016 13:18	16	5.16	0.33	0	0	8.68	1	18
12/1/2016 23:00	16	4.69	0.6	0	0	10.12	1.05	18
12/2/2016 5:00	15	4.59	0.7	0.19	0.1	10.12	1.02	18
12/2/2016 6:35	17	4.01	0.86	0.45	0.08	10.36	1	19
12/2/2016 12:39	17	4.8	0.71	0.11	0.15	10.84	0.95	18
12/3/2016 6:00	18	6.96	0.63	0	0	13.86	1	18
12/3/2016 12:40	16	6.54	1	0.22	0.19	11.84	1.08	18
12/3/2016 23:25	16	4.21	0.3	0	0	8.16	1	18
12/4/2016 5:20	17.5	4.36	0.28	0	0	8.21	1	18
12/4/2016 19:30	18	10.02	1.84	0.67	0.08	8.21	1	
12/4/2016 23:20	17.5	5.05	0.28	0.4	0.33	8.21	1	18
12/5/2016 9:00	15	27.72	3.94	1.17	0.99	13.24	1	19
12/5/2016 12:00	16	15.1	0.42	0	0	13.16	1	18
12/5/2016 12:00	15	24.27	1.1	0.33	0.3	13.24	1	19
12/6/2016 5:50	17	12.16	0.51	0	0		1.1	18
12/6/2016 12:00	17	10.09	0.82	0.1	0.15	13.21	1.07	19
12/7/2016 5:50	15	7.01	0.41	0	0	8.26	1	18
12/7/2016 12:00	15	7.2	0.67	0	0	9	1.05	18
12/7/2016 18:55	15	6.03	0.7	0	0.08	9.96	0.86	18
12/8/2016 5:50	16	5.28	0.66	0	0	9.66	1	18
12/8/2016 13:00	16	6.43	0.99	0.33	0.21	9.3	1	18
12/8/2016 18:25	15.5	5.36	0.91	0.36	0.28	9.36	1	18
12/9/2016 5:40		4.86	0.36	0	0	9.81	1	18
12/9/2016 13:30	19	4.86	0.63	0.2	0.16	9.01	1	19
12/9/2016 22:00	15	5	0.6	0	0	9.22	1	18
12/10/2016 5:00	15	4.2	0.71	0.13	0.1	9.71	1.03	18
12/10/2016 13:00	16	4.05	0.46	0	0	9.36	1	18
12/10/2016 22:20	15	4.09	0.71	0.1	0.04	8.29	0.9	18
12/11/2016 4:40	14	36.6	0.53	0	0	9	1	17
12/11/2016 13:20	14	4.01	0.36	0	0	9.28	1	17
12/11/2016 22:40	15	5.29	0.77	0	0.17	10.53	0.92	17
12/12/2016 5:00	15.5	5.12	0.81	0.11	0.09	10.94	1.05	17
12/12/2016 22:30	14	4	0.4	0	0	9.79	1.08	17
12/13/2016 4:40	13	3.99	0.57	0	0	9.79	1	17
12/13/2016 13:10	16.5	3.8	0.78	0.16	0.21	10.01	1	17
12/13/2016 15:30	16.5	3.91	0.56	0	0	10.3	1	
								
								
								
								
								
								
								
								
								
